<?xml version="1.0" encoding="UTF-8"?>
<suppressions xmlns="https://jeremylong.github.io/DependencyCheck/dependency-suppression.1.3.xsd">
   <suppress>
      <notes><![CDATA[
      file name: bcprov-jdk15on-1.46.jar
      ]]></notes>
      <packageUrl regex="true">^pkg:maven/org\.bouncycastle/bcprov\-jdk15on@.*$</packageUrl>
      <cpe>cpe:/a:bouncycastle:bouncy-castle-crypto-package</cpe>
   </suppress>
   
   <suppress>
   	  <notes><![CDATA[
   	  file name: bcprov-jdk15on-1.46.jar
      ]]></notes>
      <packageUrl regex="true">^pkg:maven/org\.bouncycastle/bcprov\-jdk15on@.*$</packageUrl>
      <cpe>cpe:/a:bouncycastle:bouncy_castle_crypto_package</cpe>
	</suppress>
	
	<suppress>
      <notes><![CDATA[
      file name: bcprov-jdk15on-1.46.jar
      ]]></notes>
      <packageUrl regex="true">^pkg:maven/org\.bouncycastle/bcprov\-jdk15on@.*$</packageUrl>
      <cpe>cpe:/a:bouncycastle:legion-of-the-bouncy-castle-java-crytography-api</cpe>
	</suppress>
	
	<suppress>
	   <notes><![CDATA[
	   file name: bcprov-jdk15on-1.46.jar
	   ]]></notes>
	   <packageUrl regex="true">^pkg:maven/org\.bouncycastle/bcprov\-jdk15on@.*$</packageUrl>
	   <cpe>cpe:/a:bouncycastle:the_bouncy_castle_crypto_package_for_java</cpe>
	</suppress>
	
	<suppress>
	   <notes><![CDATA[
	   file name: bcprov-jdk15on-1.46.jar
	   ]]></notes>
	   <packageUrl regex="true">^pkg:maven/org\.bouncycastle/bcprov\-jdk15on@.*$</packageUrl>
	   <cve>CVE-2016-1000338</cve>
	</suppress>
	
	<suppress>
	   <notes><![CDATA[
	   file name: bcprov-jdk15on-1.46.jar
	   ]]></notes>
	   <packageUrl regex="true">^pkg:maven/org\.bouncycastle/bcprov\-jdk15on@.*$</packageUrl>
	   <cve>CVE-2016-1000342</cve>
	</suppress>
	
	<suppress>
	   <notes><![CDATA[
	   file name: bcprov-jdk15on-1.46.jar
	   ]]></notes>
	   <packageUrl regex="true">^pkg:maven/org\.bouncycastle/bcprov\-jdk15on@.*$</packageUrl>
	   <cve>CVE-2016-1000344</cve>
	</suppress>
	
	<suppress>
	   <notes><![CDATA[
	   file name: bcprov-jdk15on-1.46.jar
	   ]]></notes>
	   <packageUrl regex="true">^pkg:maven/org\.bouncycastle/bcprov\-jdk15on@.*$</packageUrl>
	   <cve>CVE-2016-1000352</cve>
	</suppress>
	
	<suppress>
	   <notes><![CDATA[
	   file name: bcprov-jdk15on-1.46.jar
	   ]]></notes>
	   <packageUrl regex="true">^pkg:maven/org\.bouncycastle/bcprov\-jdk15on@.*$</packageUrl>
	   <cve>CVE-2016-1000341</cve>
	</suppress>
	
	<suppress>
	   <notes><![CDATA[
	   file name: bcprov-jdk15on-1.46.jar
	   ]]></notes>
	   <packageUrl regex="true">^pkg:maven/org\.bouncycastle/bcprov\-jdk15on@.*$</packageUrl>
	   <cve>CVE-2016-1000345</cve>
	</suppress>
	
	<suppress>
	   <notes><![CDATA[
	   file name: bcprov-jdk15on-1.46.jar
	   ]]></notes>
	   <packageUrl regex="true">^pkg:maven/org\.bouncycastle/bcprov\-jdk15on@.*$</packageUrl>
	   <cve>CVE-2017-13098</cve>
	</suppress>
	
	<suppress>
	   <notes><![CDATA[
	   file name: bcprov-jdk15on-1.46.jar
	   ]]></notes>
	   <packageUrl regex="true">^pkg:maven/org\.bouncycastle/bcprov\-jdk15on@.*$</packageUrl>
	   <cve>CVE-2020-15522</cve>
	</suppress>
	
	<suppress>
	   <notes><![CDATA[
	   file name: bcprov-jdk15on-1.46.jar
	   ]]></notes>
	   <packageUrl regex="true">^pkg:maven/org\.bouncycastle/bcprov\-jdk15on@.*$</packageUrl>
	   <vulnerabilityName>CVE-2020-0187</vulnerabilityName>
	</suppress>
	
	<suppress>
	   <notes><![CDATA[
	   file name: bcprov-jdk15on-1.46.jar
	   ]]></notes>
	   <packageUrl regex="true">^pkg:maven/org\.bouncycastle/bcprov\-jdk15on@.*$</packageUrl>
	   <cve>CVE-2016-1000339</cve>
	</suppress>
	
	<suppress>
	   <notes><![CDATA[
	   file name: bcprov-jdk15on-1.46.jar
	   ]]></notes>
	   <packageUrl regex="true">^pkg:maven/org\.bouncycastle/bcprov\-jdk15on@.*$</packageUrl>
	   <vulnerabilityName>CVE-2020-26939</vulnerabilityName>
	</suppress>
	
	<suppress>
	   <notes><![CDATA[
	   file name: bcprov-jdk15on-1.46.jar
	   ]]></notes>
	   <packageUrl regex="true">^pkg:maven/org\.bouncycastle/bcprov\-jdk15on@.*$</packageUrl>
	   <cve>CVE-2015-7940</cve>
	</suppress>
	
	<suppress>
	   <notes><![CDATA[
	   file name: bcprov-jdk15on-1.46.jar
	   ]]></notes>
	   <packageUrl regex="true">^pkg:maven/org\.bouncycastle/bcprov\-jdk15on@.*$</packageUrl>
	   <cve>CVE-2018-5382</cve>
	</suppress>
	
	<suppress>
	   <notes><![CDATA[
	   file name: bcprov-jdk15on-1.46.jar
	   ]]></notes>
	   <packageUrl regex="true">^pkg:maven/org\.bouncycastle/bcprov\-jdk15on@.*$</packageUrl>
	   <cve>CVE-2013-1624</cve>
	</suppress>
	
	<suppress>
	   <notes><![CDATA[
	   file name: bcprov-jdk15on-1.46.jar
	   ]]></notes>
	   <packageUrl regex="true">^pkg:maven/org\.bouncycastle/bcprov\-jdk15on@.*$</packageUrl>
	   <cve>CVE-2016-1000346</cve>
	</suppress>
	
	<suppress>
	   <notes><![CDATA[
	   file name: bcprov-jdk15on-1.46.jar
	   ]]></notes>
	   <packageUrl regex="true">^pkg:maven/org\.bouncycastle/bcprov\-jdk15on@.*$</packageUrl>
	   <vulnerabilityName>CVE-2015-6644</vulnerabilityName>
	</suppress>
	
	<suppress>
	   <notes><![CDATA[
	   file name: hibernate-validator-6.0.18.Final.jar
	   ]]></notes>
	   <packageUrl regex="true">^pkg:maven/org\.hibernate\.validator/hibernate\-validator@.*$</packageUrl>
	   <cpe>cpe:/a:redhat:hibernate_validator</cpe>
	</suppress>
	
	<suppress>
	   <notes><![CDATA[
	   file name: hibernate-validator-6.0.18.Final.jar
	   ]]></notes>
	   <packageUrl regex="true">^pkg:maven/org\.hibernate\.validator/hibernate\-validator@.*$</packageUrl>
	   <cve>CVE-2020-10693</cve>
	</suppress>
	
	<suppress>
	   <notes><![CDATA[
	   file name: jackson-databind-2.10.2.jar
	   ]]></notes>
	   <packageUrl regex="true">^pkg:maven/com\.fasterxml\.jackson\.core/jackson\-databind@.*$</packageUrl>
	   <cpe>cpe:/a:fasterxml:jackson-databind</cpe>
	</suppress>
	
	<suppress>
	   <notes><![CDATA[
	   file name: jackson-databind-2.10.2.jar
	   ]]></notes>
	   <packageUrl regex="true">^pkg:maven/com\.fasterxml\.jackson\.core/jackson\-databind@.*$</packageUrl>
	   <cpe>cpe:/a:fasterxml:jackson-modules-java8</cpe>
	</suppress>
	
	<suppress>
	   <notes><![CDATA[
	   file name: jackson-databind-2.10.2.jar
	   ]]></notes>
	   <packageUrl regex="true">^pkg:maven/com\.fasterxml\.jackson\.core/jackson\-databind@.*$</packageUrl>
	   <cve>CVE-2020-25649</cve>
	</suppress>
	
	<suppress>
	   <notes><![CDATA[
	   file name: jackson-databind-2.10.2.jar
	   ]]></notes>
	   <packageUrl regex="true">^pkg:maven/com\.fasterxml\.jackson\.core/jackson\-databind@.*$</packageUrl>
	   <cve>CVE-2020-36518</cve>
	</suppress>
	
	<suppress>
	   <notes><![CDATA[
	   file name: jackson-databind-2.10.2.jar
	   ]]></notes>
	   <packageUrl regex="true">^pkg:maven/com\.fasterxml\.jackson\.core/jackson\-databind@.*$</packageUrl>
	   <cve>CVE-2021-46877</cve>
	</suppress>
	
	<suppress>
	   <notes><![CDATA[
	   file name: jackson-databind-2.10.2.jar
	   ]]></notes>
	   <packageUrl regex="true">^pkg:maven/com\.fasterxml\.jackson\.core/jackson\-databind@.*$</packageUrl>
	   <cve>CVE-2022-42003</cve>
	</suppress>
	
	<suppress>
	   <notes><![CDATA[
	   file name: jackson-databind-2.10.2.jar
	   ]]></notes>
	   <packageUrl regex="true">^pkg:maven/com\.fasterxml\.jackson\.core/jackson\-databind@.*$</packageUrl>
	   <cve>CVE-2022-42004</cve>
	</suppress>
	
	<suppress>
	   <notes><![CDATA[
	   file name: log4j-api-2.12.1.jar
	   ]]></notes>
	   <packageUrl regex="true">^pkg:maven/org\.apache\.logging\.log4j/log4j\-api@.*$</packageUrl>
	   <cpe>cpe:/a:apache:log4j</cpe>
	</suppress>
	
	<suppress>
	   <notes><![CDATA[
	   file name: log4j-api-2.12.1.jar
	   ]]></notes>
	   <packageUrl regex="true">^pkg:maven/org\.apache\.logging\.log4j/log4j\-api@.*$</packageUrl>
	   <cve>CVE-2020-9488</cve>
	</suppress>
	
	<suppress>
	   <notes><![CDATA[
	   file name: logback-core-1.2.3.jar
	   ]]></notes>
	   <packageUrl regex="true">^pkg:maven/ch\.qos\.logback/logback\-core@.*$</packageUrl>
	   <cpe>cpe:/a:qos:logback</cpe>
	</suppress>
	
	<suppress>
	   <notes><![CDATA[
	   file name: logback-core-1.2.3.jar
	   ]]></notes>
	   <packageUrl regex="true">^pkg:maven/ch\.qos\.logback/logback\-core@.*$</packageUrl>
	   <cve>CVE-2021-42550</cve>
	</suppress>
	
	<suppress>
	   <notes><![CDATA[
	   file name: snakeyaml-1.25.jar
	   ]]></notes>
	   <packageUrl regex="true">^pkg:maven/org\.yaml/snakeyaml@.*$</packageUrl>
	   <cpe>cpe:/a:snakeyaml_project:snakeyaml</cpe>
	</suppress>
	
	<suppress>
	   <notes><![CDATA[
	   file name: snakeyaml-1.25.jar
	   ]]></notes>
	   <packageUrl regex="true">^pkg:maven/org\.yaml/snakeyaml@.*$</packageUrl>
	   <cve>CVE-2022-1471</cve>
	</suppress>
	
	<suppress>
	   <notes><![CDATA[
	   file name: snakeyaml-1.25.jar
	   ]]></notes>
	   <packageUrl regex="true">^pkg:maven/org\.yaml/snakeyaml@.*$</packageUrl>
	   <cve>CVE-2017-18640</cve>
	</suppress>
	
	<suppress>
	   <notes><![CDATA[
	   file name: snakeyaml-1.25.jar
	   ]]></notes>
	   <packageUrl regex="true">^pkg:maven/org\.yaml/snakeyaml@.*$</packageUrl>
	   <cve>CVE-2022-25857</cve>
	</suppress>
	
	<suppress>
	   <notes><![CDATA[
	   file name: snakeyaml-1.25.jar
	   ]]></notes>
	   <packageUrl regex="true">^pkg:maven/org\.yaml/snakeyaml@.*$</packageUrl>
	   <cve>CVE-2022-38749</cve>
	</suppress>
	
	<suppress>
	   <notes><![CDATA[
	   file name: snakeyaml-1.25.jar
	   ]]></notes>
	   <packageUrl regex="true">^pkg:maven/org\.yaml/snakeyaml@.*$</packageUrl>
	   <cve>CVE-2022-38751</cve>
	</suppress>
	
	<suppress>
	   <notes><![CDATA[
	   file name: snakeyaml-1.25.jar
	   ]]></notes>
	   <packageUrl regex="true">^pkg:maven/org\.yaml/snakeyaml@.*$</packageUrl>
	   <cve>CVE-2022-38752</cve>
	</suppress>
	
	<suppress>
	   <notes><![CDATA[
	   file name: snakeyaml-1.25.jar
	   ]]></notes>
	   <packageUrl regex="true">^pkg:maven/org\.yaml/snakeyaml@.*$</packageUrl>
	   <cve>CVE-2022-41854</cve>
	</suppress>
	
	<suppress>
	   <notes><![CDATA[
	   file name: snakeyaml-1.25.jar
	   ]]></notes>
	   <packageUrl regex="true">^pkg:maven/org\.yaml/snakeyaml@.*$</packageUrl>
	   <cve>CVE-2022-38750</cve>
	</suppress>
	
	<suppress>
	   <notes><![CDATA[
	   file name: spring-boot-2.2.4.RELEASE.jar
	   ]]></notes>
	   <packageUrl regex="true">^pkg:maven/org\.springframework\.boot/spring\-boot@.*$</packageUrl>
	   <cpe>cpe:/a:vmware:spring_boot</cpe>
	</suppress>
	
	<suppress>
	   <notes><![CDATA[
	   file name: spring-boot-2.2.4.RELEASE.jar
	   ]]></notes>
	   <packageUrl regex="true">^pkg:maven/org\.springframework\.boot/spring\-boot@.*$</packageUrl>
	   <cve>CVE-2022-27772</cve>
	</suppress>
	
	<suppress>
	   <notes><![CDATA[
	   file name: spring-boot-2.2.4.RELEASE.jar
	   ]]></notes>
	   <packageUrl regex="true">^pkg:maven/org\.springframework\.boot/spring\-boot@.*$</packageUrl>
	   <cve>CVE-2023-20883</cve>
	</suppress>
	
	<suppress>
	   <notes><![CDATA[
	   file name: spring-boot-starter-web-2.2.4.RELEASE.jar
	   ]]></notes>
	   <packageUrl regex="true">^pkg:maven/org\.springframework\.boot/spring\-boot\-starter\-web@.*$</packageUrl>
	   <cpe>cpe:/a:vmware:spring_boot</cpe>
	</suppress>
	
	<suppress>
	   <notes><![CDATA[
	   file name: spring-boot-starter-web-2.2.4.RELEASE.jar
	   ]]></notes>
	   <packageUrl regex="true">^pkg:maven/org\.springframework\.boot/spring\-boot\-starter\-web@.*$</packageUrl>
	   <cpe>cpe:/a:web_project:web</cpe>
	</suppress>
	
	<suppress>
	   <notes><![CDATA[
	   file name: spring-boot-starter-web-2.2.4.RELEASE.jar
	   ]]></notes>
	   <packageUrl regex="true">^pkg:maven/org\.springframework\.boot/spring\-boot\-starter\-web@.*$</packageUrl>
	   <cve>CVE-2022-27772</cve>
	</suppress>
	
	<suppress>
	   <notes><![CDATA[
	   file name: spring-boot-starter-web-2.2.4.RELEASE.jar
	   ]]></notes>
	   <packageUrl regex="true">^pkg:maven/org\.springframework\.boot/spring\-boot\-starter\-web@.*$</packageUrl>
	   <cve>CVE-2023-20883</cve>
	</suppress>
	
	<suppress>
	   <notes><![CDATA[
	   file name: spring-core-5.2.3.RELEASE.jar
	   ]]></notes>
	   <packageUrl regex="true">^pkg:maven/org\.springframework/spring\-core@.*$</packageUrl>
	   <cpe>cpe:/a:pivotal_software:spring_framework</cpe>
	</suppress>
	
	<suppress>
	   <notes><![CDATA[
	   file name: spring-core-5.2.3.RELEASE.jar
	   ]]></notes>
	   <packageUrl regex="true">^pkg:maven/org\.springframework/spring\-core@.*$</packageUrl>
	   <cpe>cpe:/a:springsource:spring_framework</cpe>
	</suppress>
	
	<suppress>
	   <notes><![CDATA[
	   file name: spring-core-5.2.3.RELEASE.jar
	   ]]></notes>
	   <packageUrl regex="true">^pkg:maven/org\.springframework/spring\-core@.*$</packageUrl>
	   <cpe>cpe:/a:vmware:spring_framework</cpe>
	</suppress>
	
	<suppress>
	   <notes><![CDATA[
	   file name: spring-core-5.2.3.RELEASE.jar
	   ]]></notes>
	   <packageUrl regex="true">^pkg:maven/org\.springframework/spring\-core@.*$</packageUrl>
	   <cve>CVE-2022-22965</cve>
	</suppress>
	
	<suppress>
	   <notes><![CDATA[
	   file name: spring-core-5.2.3.RELEASE.jar
	   ]]></notes>
	   <packageUrl regex="true">^pkg:maven/org\.springframework/spring\-core@.*$</packageUrl>
	   <cve>CVE-2021-22118</cve>
	</suppress>
	
	<suppress>
	   <notes><![CDATA[
	   file name: spring-core-5.2.3.RELEASE.jar
	   ]]></notes>
	   <packageUrl regex="true">^pkg:maven/org\.springframework/spring\-core@.*$</packageUrl>
	   <cve>CVE-2020-5421</cve>
	</suppress>
	
	<suppress>
	   <notes><![CDATA[
	   file name: spring-core-5.2.3.RELEASE.jar
	   ]]></notes>
	   <packageUrl regex="true">^pkg:maven/org\.springframework/spring\-core@.*$</packageUrl>
	   <cve>CVE-2022-22950</cve>
	</suppress>
	
	<suppress>
	   <notes><![CDATA[
	   file name: spring-core-5.2.3.RELEASE.jar
	   ]]></notes>
	   <packageUrl regex="true">^pkg:maven/org\.springframework/spring\-core@.*$</packageUrl>
	   <cve>CVE-2022-22971</cve>
	</suppress>
	
	<suppress>
	   <notes><![CDATA[
	   file name: spring-core-5.2.3.RELEASE.jar
	   ]]></notes>
	   <packageUrl regex="true">^pkg:maven/org\.springframework/spring\-core@.*$</packageUrl>
	   <cve>CVE-2023-20861</cve>
	</suppress>
	
	<suppress>
	   <notes><![CDATA[
	   file name: spring-core-5.2.3.RELEASE.jar
	   ]]></notes>
	   <packageUrl regex="true">^pkg:maven/org\.springframework/spring\-core@.*$</packageUrl>
	   <cve>CVE-2023-20863</cve>
	</suppress>
	
	<suppress>
	   <notes><![CDATA[
	   file name: spring-core-5.2.3.RELEASE.jar
	   ]]></notes>
	   <packageUrl regex="true">^pkg:maven/org\.springframework/spring\-core@.*$</packageUrl>
	   <cve>CVE-2022-22968</cve>
	</suppress>
	
	<suppress>
	   <notes><![CDATA[
	   file name: spring-core-5.2.3.RELEASE.jar
	   ]]></notes>
	   <packageUrl regex="true">^pkg:maven/org\.springframework/spring\-core@.*$</packageUrl>
	   <cve>CVE-2022-22970</cve>
	</suppress>
	
	<suppress>
	   <notes><![CDATA[
	   file name: spring-core-5.2.3.RELEASE.jar
	   ]]></notes>
	   <packageUrl regex="true">^pkg:maven/org\.springframework/spring\-core@.*$</packageUrl>
	   <cve>CVE-2021-22060</cve>
	</suppress>
	
	<suppress>
	   <notes><![CDATA[
	   file name: spring-core-5.2.3.RELEASE.jar
	   ]]></notes>
	   <packageUrl regex="true">^pkg:maven/org\.springframework/spring\-core@.*$</packageUrl>
	   <cve>CVE-2021-22096</cve>
	</suppress>
	
	<suppress>
	   <notes><![CDATA[
	   file name: spring-web-5.2.3.RELEASE.jar
	   ]]></notes>
	   <packageUrl regex="true">^pkg:maven/org\.springframework/spring\-web@.*$</packageUrl>
	   <cpe>cpe:/a:pivotal_software:spring_framework</cpe>
	</suppress>
	
	<suppress>
	   <notes><![CDATA[
	   file name: spring-web-5.2.3.RELEASE.jar
	   ]]></notes>
	   <packageUrl regex="true">^pkg:maven/org\.springframework/spring\-web@.*$</packageUrl>
	   <cpe>cpe:/a:springsource:spring_framework</cpe>
	</suppress>
	
	<suppress>
	   <notes><![CDATA[
	   file name: spring-web-5.2.3.RELEASE.jar
	   ]]></notes>
	   <packageUrl regex="true">^pkg:maven/org\.springframework/spring\-web@.*$</packageUrl>
	   <cpe>cpe:/a:vmware:spring_framework</cpe>
	</suppress>
	
	<suppress>
	   <notes><![CDATA[
	   file name: spring-web-5.2.3.RELEASE.jar
	   ]]></notes>
	   <packageUrl regex="true">^pkg:maven/org\.springframework/spring\-web@.*$</packageUrl>
	   <cpe>cpe:/a:web_project:web</cpe>
	</suppress>
	
	<suppress>
	   <notes><![CDATA[
	   file name: spring-web-5.2.3.RELEASE.jar
	   ]]></notes>
	   <packageUrl regex="true">^pkg:maven/org\.springframework/spring\-web@.*$</packageUrl>
	   <cve>CVE-2016-1000027</cve>
	</suppress>
	
	<suppress>
	   <notes><![CDATA[
	   file name: spring-web-5.2.3.RELEASE.jar
	   ]]></notes>
	   <packageUrl regex="true">^pkg:maven/org\.springframework/spring\-web@.*$</packageUrl>
	   <cve>CVE-2022-22965</cve>
	</suppress>
	
	<suppress>
	   <notes><![CDATA[
	   file name: spring-web-5.2.3.RELEASE.jar
	   ]]></notes>
	   <packageUrl regex="true">^pkg:maven/org\.springframework/spring\-web@.*$</packageUrl>
	   <cve>CVE-2021-22118</cve>
	</suppress>
	
	<suppress>
	   <notes><![CDATA[
	   file name: spring-web-5.2.3.RELEASE.jar
	   ]]></notes>
	   <packageUrl regex="true">^pkg:maven/org\.springframework/spring\-web@.*$</packageUrl>
	   <cve>CVE-2020-5421</cve>
	</suppress>
	
	<suppress>
	   <notes><![CDATA[
	   file name: spring-web-5.2.3.RELEASE.jar
	   ]]></notes>
	   <packageUrl regex="true">^pkg:maven/org\.springframework/spring\-web@.*$</packageUrl>
	   <cve>CVE-2022-22950</cve>
	</suppress>
	
	<suppress>
	   <notes><![CDATA[
	   file name: spring-web-5.2.3.RELEASE.jar
	   ]]></notes>
	   <packageUrl regex="true">^pkg:maven/org\.springframework/spring\-web@.*$</packageUrl>
	   <cve>CVE-2022-22971</cve>
	</suppress>
	
	<suppress>
	   <notes><![CDATA[
	   file name: spring-web-5.2.3.RELEASE.jar
	   ]]></notes>
	   <packageUrl regex="true">^pkg:maven/org\.springframework/spring\-web@.*$</packageUrl>
	   <cve>CVE-2023-20861</cve>
	</suppress>
	
	<suppress>
	   <notes><![CDATA[
	   file name: spring-web-5.2.3.RELEASE.jar
	   ]]></notes>
	   <packageUrl regex="true">^pkg:maven/org\.springframework/spring\-web@.*$</packageUrl>
	   <cve>CVE-2023-20863</cve>
	</suppress>
	
	<suppress>
	   <notes><![CDATA[
	   file name: spring-web-5.2.3.RELEASE.jar
	   ]]></notes>
	   <packageUrl regex="true">^pkg:maven/org\.springframework/spring\-web@.*$</packageUrl>
	   <cve>CVE-2022-22968</cve>
	</suppress>
	
	<suppress>
	   <notes><![CDATA[
	   file name: spring-web-5.2.3.RELEASE.jar
	   ]]></notes>
	   <packageUrl regex="true">^pkg:maven/org\.springframework/spring\-web@.*$</packageUrl>
	   <cve>CVE-2022-22970</cve>
	</suppress>
	
	<suppress>
	   <notes><![CDATA[
	   file name: spring-web-5.2.3.RELEASE.jar
	   ]]></notes>
	   <packageUrl regex="true">^pkg:maven/org\.springframework/spring\-web@.*$</packageUrl>
	   <cve>CVE-2021-22060</cve>
	</suppress>
	
	<suppress>
	   <notes><![CDATA[
	   file name: spring-web-5.2.3.RELEASE.jar
	   ]]></notes>
	   <packageUrl regex="true">^pkg:maven/org\.springframework/spring\-web@.*$</packageUrl>
	   <cve>CVE-2021-22096</cve>
	</suppress>
	
	<suppress>
	   <notes><![CDATA[
	   file name: spring-webmvc-5.2.3.RELEASE.jar
	   ]]></notes>
	   <packageUrl regex="true">^pkg:maven/org\.springframework/spring\-webmvc@.*$</packageUrl>
	   <cpe>cpe:/a:pivotal_software:spring_framework</cpe>
	</suppress>
	
	<suppress>
	   <notes><![CDATA[
	   file name: spring-webmvc-5.2.3.RELEASE.jar
	   ]]></notes>
	   <packageUrl regex="true">^pkg:maven/org\.springframework/spring\-webmvc@.*$</packageUrl>
	   <cpe>cpe:/a:springsource:spring_framework</cpe>
	</suppress>
	
	<suppress>
	   <notes><![CDATA[
	   file name: spring-webmvc-5.2.3.RELEASE.jar
	   ]]></notes>
	   <packageUrl regex="true">^pkg:maven/org\.springframework/spring\-webmvc@.*$</packageUrl>
	   <cpe>cpe:/a:vmware:spring_framework</cpe>
	</suppress>
	
	<suppress>
	   <notes><![CDATA[
	   file name: spring-webmvc-5.2.3.RELEASE.jar
	   ]]></notes>
	   <packageUrl regex="true">^pkg:maven/org\.springframework/spring\-webmvc@.*$</packageUrl>
	   <cpe>cpe:/a:web_project:web</cpe>
	</suppress>
	
	<suppress>
	   <notes><![CDATA[
	   file name: spring-webmvc-5.2.3.RELEASE.jar
	   ]]></notes>
	   <packageUrl regex="true">^pkg:maven/org\.springframework/spring\-webmvc@.*$</packageUrl>
	   <cve>CVE-2022-22965</cve>
	</suppress>
	
	<suppress>
	   <notes><![CDATA[
	   file name: spring-webmvc-5.2.3.RELEASE.jar
	   ]]></notes>
	   <packageUrl regex="true">^pkg:maven/org\.springframework/spring\-webmvc@.*$</packageUrl>
	   <cve>CVE-2021-22118</cve>
	</suppress>
	
	<suppress>
	   <notes><![CDATA[
	   file name: spring-webmvc-5.2.3.RELEASE.jar
	   ]]></notes>
	   <packageUrl regex="true">^pkg:maven/org\.springframework/spring\-webmvc@.*$</packageUrl>
	   <cve>CVE-2020-5421</cve>
	</suppress>
	
	<suppress>
	   <notes><![CDATA[
	   file name: spring-webmvc-5.2.3.RELEASE.jar
	   ]]></notes>
	   <packageUrl regex="true">^pkg:maven/org\.springframework/spring\-webmvc@.*$</packageUrl>
	   <cve>CVE-2022-22950</cve>
	</suppress>
	
	<suppress>
	   <notes><![CDATA[
	   file name: spring-webmvc-5.2.3.RELEASE.jar
	   ]]></notes>
	   <packageUrl regex="true">^pkg:maven/org\.springframework/spring\-webmvc@.*$</packageUrl>
	   <cve>CVE-2022-22971</cve>
	</suppress>
	
	<suppress>
	   <notes><![CDATA[
	   file name: spring-webmvc-5.2.3.RELEASE.jar
	   ]]></notes>
	   <packageUrl regex="true">^pkg:maven/org\.springframework/spring\-webmvc@.*$</packageUrl>
	   <cve>CVE-2023-20861</cve>
	</suppress>
	
	<suppress>
	   <notes><![CDATA[
	   file name: spring-webmvc-5.2.3.RELEASE.jar
	   ]]></notes>
	   <packageUrl regex="true">^pkg:maven/org\.springframework/spring\-webmvc@.*$</packageUrl>
	   <cve>CVE-2023-20863</cve>
	</suppress>
	
	<suppress>
	   <notes><![CDATA[
	   file name: spring-webmvc-5.2.3.RELEASE.jar
	   ]]></notes>
	   <packageUrl regex="true">^pkg:maven/org\.springframework/spring\-webmvc@.*$</packageUrl>
	   <cve>CVE-2022-22968</cve>
	</suppress>
	
	<suppress>
	   <notes><![CDATA[
	   file name: spring-webmvc-5.2.3.RELEASE.jar
	   ]]></notes>
	   <packageUrl regex="true">^pkg:maven/org\.springframework/spring\-webmvc@.*$</packageUrl>
	   <cve>CVE-2022-22970</cve>
	</suppress>
	
	<suppress>
	   <notes><![CDATA[
	   file name: spring-webmvc-5.2.3.RELEASE.jar
	   ]]></notes>
	   <packageUrl regex="true">^pkg:maven/org\.springframework/spring\-webmvc@.*$</packageUrl>
	   <cve>CVE-2021-22060</cve>
	</suppress>
	
	<suppress>
	   <notes><![CDATA[
	   file name: spring-webmvc-5.2.3.RELEASE.jar
	   ]]></notes>
	   <packageUrl regex="true">^pkg:maven/org\.springframework/spring\-webmvc@.*$</packageUrl>
	   <cve>CVE-2021-22096</cve>
	</suppress>
	
	<suppress>
	   <notes><![CDATA[
	   file name: tomcat-embed-core-9.0.30.jar
	   ]]></notes>
	   <packageUrl regex="true">^pkg:maven/org\.apache\.tomcat\.embed/tomcat\-embed\-core@.*$</packageUrl>
	   <cpe>cpe:/a:apache:tomcat</cpe>
	</suppress>
	
	<suppress>
	   <notes><![CDATA[
	   file name: tomcat-embed-core-9.0.30.jar
	   ]]></notes>
	   <packageUrl regex="true">^pkg:maven/org\.apache\.tomcat\.embed/tomcat\-embed\-core@.*$</packageUrl>
	   <cpe>cpe:/a:apache_tomcat:apache_tomcat</cpe>
	</suppress>
	
	<suppress>
	   <notes><![CDATA[
	   file name: tomcat-embed-core-9.0.30.jar
	   ]]></notes>
	   <packageUrl regex="true">^pkg:maven/org\.apache\.tomcat\.embed/tomcat\-embed\-core@.*$</packageUrl>
	   <cve>CVE-2020-1938</cve>
	</suppress>
	
	<suppress>
	   <notes><![CDATA[
	   file name: tomcat-embed-core-9.0.30.jar
	   ]]></notes>
	   <packageUrl regex="true">^pkg:maven/org\.apache\.tomcat\.embed/tomcat\-embed\-core@.*$</packageUrl>
	   <cve>CVE-2020-11996</cve>
	</suppress>
	
	<suppress>
	   <notes><![CDATA[
	   file name: tomcat-embed-core-9.0.30.jar
	   ]]></notes>
	   <packageUrl regex="true">^pkg:maven/org\.apache\.tomcat\.embed/tomcat\-embed\-core@.*$</packageUrl>
	   <cve>CVE-2020-13934</cve>
	</suppress>
	
	<suppress>
	   <notes><![CDATA[
	   file name: tomcat-embed-core-9.0.30.jar
	   ]]></notes>
	   <packageUrl regex="true">^pkg:maven/org\.apache\.tomcat\.embed/tomcat\-embed\-core@.*$</packageUrl>
	   <cve>CVE-2020-13935</cve>
	</suppress>
	
	<suppress>
	   <notes><![CDATA[
	   file name: tomcat-embed-core-9.0.30.jar
	   ]]></notes>
	   <packageUrl regex="true">^pkg:maven/org\.apache\.tomcat\.embed/tomcat\-embed\-core@.*$</packageUrl>
	   <cve>CVE-2020-17527</cve>
	</suppress>
	
	<suppress>
	   <notes><![CDATA[
	   file name: tomcat-embed-core-9.0.30.jar
	   ]]></notes>
	   <packageUrl regex="true">^pkg:maven/org\.apache\.tomcat\.embed/tomcat\-embed\-core@.*$</packageUrl>
	   <cve>CVE-2021-25122</cve>
	</suppress>
	
	<suppress>
	   <notes><![CDATA[
	   file name: tomcat-embed-core-9.0.30.jar
	   ]]></notes>
	   <packageUrl regex="true">^pkg:maven/org\.apache\.tomcat\.embed/tomcat\-embed\-core@.*$</packageUrl>
	   <cve>CVE-2021-41079</cve>
	</suppress>
	
	<suppress>
	   <notes><![CDATA[
	   file name: tomcat-embed-core-9.0.30.jar
	   ]]></notes>
	   <packageUrl regex="true">^pkg:maven/org\.apache\.tomcat\.embed/tomcat\-embed\-core@.*$</packageUrl>
	   <cve>CVE-2022-29885</cve>
	</suppress>
	
	<suppress>
	   <notes><![CDATA[
	   file name: tomcat-embed-core-9.0.30.jar
	   ]]></notes>
	   <packageUrl regex="true">^pkg:maven/org\.apache\.tomcat\.embed/tomcat\-embed\-core@.*$</packageUrl>
	   <cve>CVE-2022-42252</cve>
	</suppress>
	
	<suppress>
	   <notes><![CDATA[
	   file name: tomcat-embed-core-9.0.30.jar
	   ]]></notes>
	   <packageUrl regex="true">^pkg:maven/org\.apache\.tomcat\.embed/tomcat\-embed\-core@.*$</packageUrl>
	   <cve>CVE-2020-9484</cve>
	</suppress>
	
	<suppress>
	   <notes><![CDATA[
	   file name: tomcat-embed-core-9.0.30.jar
	   ]]></notes>
	   <packageUrl regex="true">^pkg:maven/org\.apache\.tomcat\.embed/tomcat\-embed\-core@.*$</packageUrl>
	   <cve>CVE-2021-25329</cve>
	</suppress>
	
	<suppress>
	   <notes><![CDATA[
	   file name: tomcat-embed-core-9.0.30.jar
	   ]]></notes>
	   <packageUrl regex="true">^pkg:maven/org\.apache\.tomcat\.embed/tomcat\-embed\-core@.*$</packageUrl>
	   <cve>CVE-2021-30640</cve>
	</suppress>
	
	<suppress>
	   <notes><![CDATA[
	   file name: tomcat-embed-core-9.0.30.jar
	   ]]></notes>
	   <packageUrl regex="true">^pkg:maven/org\.apache\.tomcat\.embed/tomcat\-embed\-core@.*$</packageUrl>
	   <cve>CVE-2022-34305</cve>
	</suppress>
	
	<suppress>
	   <notes><![CDATA[
	   file name: tomcat-embed-core-9.0.30.jar
	   ]]></notes>
	   <packageUrl regex="true">^pkg:maven/org\.apache\.tomcat\.embed/tomcat\-embed\-core@.*$</packageUrl>
	   <cve>CVE-2021-24122</cve>
	</suppress>
	
	<suppress>
	   <notes><![CDATA[
	   file name: tomcat-embed-core-9.0.30.jar
	   ]]></notes>
	   <packageUrl regex="true">^pkg:maven/org\.apache\.tomcat\.embed/tomcat\-embed\-core@.*$</packageUrl>
	   <cve>CVE-2021-33037</cve>
	</suppress>
	
	<suppress>
	   <notes><![CDATA[
	   file name: tomcat-embed-core-9.0.30.jar
	   ]]></notes>
	   <packageUrl regex="true">^pkg:maven/org\.apache\.tomcat\.embed/tomcat\-embed\-core@.*$</packageUrl>
	   <cve>CVE-2019-17569</cve>
	</suppress>
	
	<suppress>
	   <notes><![CDATA[
	   file name: tomcat-embed-core-9.0.30.jar
	   ]]></notes>
	   <packageUrl regex="true">^pkg:maven/org\.apache\.tomcat\.embed/tomcat\-embed\-core@.*$</packageUrl>
	   <cve>CVE-2020-1935</cve>
	</suppress>
	
	<suppress>
	   <notes><![CDATA[
	   file name: tomcat-embed-core-9.0.30.jar
	   ]]></notes>
	   <packageUrl regex="true">^pkg:maven/org\.apache\.tomcat\.embed/tomcat\-embed\-core@.*$</packageUrl>
	   <cve>CVE-2020-13943</cve>
	</suppress>
	
	<suppress>
	   <notes><![CDATA[
	   file name: tomcat-embed-core-9.0.30.jar
	   ]]></notes>
	   <packageUrl regex="true">^pkg:maven/org\.apache\.tomcat\.embed/tomcat\-embed\-core@.*$</packageUrl>
	   <cve>CVE-2023-28708</cve>
	</suppress>
	
	<suppress>
	   <notes><![CDATA[
	   file name: tomcat-embed-core-9.0.30.jar
	   ]]></notes>
	   <packageUrl regex="true">^pkg:maven/org\.apache\.tomcat\.embed/tomcat\-embed\-core@.*$</packageUrl>
	   <cve>CVE-2021-43980</cve>
	</suppress>
	
	<suppress>
	   <notes><![CDATA[
	   file name: tomcat-embed-websocket-9.0.30.jar
	   ]]></notes>
	   <packageUrl regex="true">^pkg:maven/org\.apache\.tomcat\.embed/tomcat\-embed\-websocket@.*$</packageUrl>
	   <cpe>cpe:/a:apache:tomcat</cpe>
	</suppress>
	
	<suppress>
	   <notes><![CDATA[
	   file name: tomcat-embed-websocket-9.0.30.jar
	   ]]></notes>
	   <packageUrl regex="true">^pkg:maven/org\.apache\.tomcat\.embed/tomcat\-embed\-websocket@.*$</packageUrl>
	   <cpe>cpe:/a:apache_tomcat:apache_tomcat</cpe>
	</suppress>
	
	<suppress>
	   <notes><![CDATA[
	   file name: tomcat-embed-websocket-9.0.30.jar
	   ]]></notes>
	   <packageUrl regex="true">^pkg:maven/org\.apache\.tomcat\.embed/tomcat\-embed\-websocket@.*$</packageUrl>
	   <cve>CVE-2020-1938</cve>
	</suppress>
	
	<suppress>
	   <notes><![CDATA[
	   file name: tomcat-embed-websocket-9.0.30.jar
	   ]]></notes>
	   <packageUrl regex="true">^pkg:maven/org\.apache\.tomcat\.embed/tomcat\-embed\-websocket@.*$</packageUrl>
	   <cve>CVE-2020-8022</cve>
	</suppress>
	
	<suppress>
	   <notes><![CDATA[
	   file name: tomcat-embed-websocket-9.0.30.jar
	   ]]></notes>
	   <packageUrl regex="true">^pkg:maven/org\.apache\.tomcat\.embed/tomcat\-embed\-websocket@.*$</packageUrl>
	   <cve>CVE-2020-11996</cve>
	</suppress>
	
	<suppress>
	   <notes><![CDATA[
	   file name: tomcat-embed-websocket-9.0.30.jar
	   ]]></notes>
	   <packageUrl regex="true">^pkg:maven/org\.apache\.tomcat\.embed/tomcat\-embed\-websocket@.*$</packageUrl>
	   <cve>CVE-2020-13934</cve>
	</suppress>
	
	<suppress>
	   <notes><![CDATA[
	   file name: tomcat-embed-websocket-9.0.30.jar
	   ]]></notes>
	   <packageUrl regex="true">^pkg:maven/org\.apache\.tomcat\.embed/tomcat\-embed\-websocket@.*$</packageUrl>
	   <cve>CVE-2020-13935</cve>
	</suppress>
	
	<suppress>
	   <notes><![CDATA[
	   file name: tomcat-embed-websocket-9.0.30.jar
	   ]]></notes>
	   <packageUrl regex="true">^pkg:maven/org\.apache\.tomcat\.embed/tomcat\-embed\-websocket@.*$</packageUrl>
	   <cve>CVE-2020-17527</cve>
	</suppress>
	
	<suppress>
	   <notes><![CDATA[
	   file name: tomcat-embed-websocket-9.0.30.jar
	   ]]></notes>
	   <packageUrl regex="true">^pkg:maven/org\.apache\.tomcat\.embed/tomcat\-embed\-websocket@.*$</packageUrl>
	   <cve>CVE-2021-25122</cve>
	</suppress>
	
	<suppress>
	   <notes><![CDATA[
	   file name: tomcat-embed-websocket-9.0.30.jar
	   ]]></notes>
	   <packageUrl regex="true">^pkg:maven/org\.apache\.tomcat\.embed/tomcat\-embed\-websocket@.*$</packageUrl>
	   <cve>CVE-2021-41079</cve>
	</suppress>
	
	<suppress>
	   <notes><![CDATA[
	   file name: tomcat-embed-websocket-9.0.30.jar
	   ]]></notes>
	   <packageUrl regex="true">^pkg:maven/org\.apache\.tomcat\.embed/tomcat\-embed\-websocket@.*$</packageUrl>
	   <cve>CVE-2022-29885</cve>
	</suppress>
	
	<suppress>
	   <notes><![CDATA[
	   file name: tomcat-embed-websocket-9.0.30.jar
	   ]]></notes>
	   <packageUrl regex="true">^pkg:maven/org\.apache\.tomcat\.embed/tomcat\-embed\-websocket@.*$</packageUrl>
	   <cve>CVE-2022-42252</cve>
	</suppress>
	
	<suppress>
	   <notes><![CDATA[
	   file name: tomcat-embed-websocket-9.0.30.jar
	   ]]></notes>
	   <packageUrl regex="true">^pkg:maven/org\.apache\.tomcat\.embed/tomcat\-embed\-websocket@.*$</packageUrl>
	   <cve>CVE-2020-9484</cve>
	</suppress>
	
	<suppress>
	   <notes><![CDATA[
	   file name: tomcat-embed-websocket-9.0.30.jar
	   ]]></notes>
	   <packageUrl regex="true">^pkg:maven/org\.apache\.tomcat\.embed/tomcat\-embed\-websocket@.*$</packageUrl>
	   <cve>CVE-2021-25329</cve>
	</suppress>
	
	<suppress>
	   <notes><![CDATA[
	   file name: tomcat-embed-websocket-9.0.30.jar
	   ]]></notes>
	   <packageUrl regex="true">^pkg:maven/org\.apache\.tomcat\.embed/tomcat\-embed\-websocket@.*$</packageUrl>
	   <cve>CVE-2021-30640</cve>
	</suppress>
	
	<suppress>
	   <notes><![CDATA[
	   file name: tomcat-embed-websocket-9.0.30.jar
	   ]]></notes>
	   <packageUrl regex="true">^pkg:maven/org\.apache\.tomcat\.embed/tomcat\-embed\-websocket@.*$</packageUrl>
	   <cve>CVE-2022-34305</cve>
	</suppress>
	
	<suppress>
	   <notes><![CDATA[
	   file name: tomcat-embed-websocket-9.0.30.jar
	   ]]></notes>
	   <packageUrl regex="true">^pkg:maven/org\.apache\.tomcat\.embed/tomcat\-embed\-websocket@.*$</packageUrl>
	   <cve>CVE-2021-24122</cve>
	</suppress>
	
	<suppress>
	   <notes><![CDATA[
	   file name: tomcat-embed-websocket-9.0.30.jar
	   ]]></notes>
	   <packageUrl regex="true">^pkg:maven/org\.apache\.tomcat\.embed/tomcat\-embed\-websocket@.*$</packageUrl>
	   <cve>CVE-2021-33037</cve>
	</suppress>
	
	<suppress>
	   <notes><![CDATA[
	   file name: tomcat-embed-websocket-9.0.30.jar
	   ]]></notes>
	   <packageUrl regex="true">^pkg:maven/org\.apache\.tomcat\.embed/tomcat\-embed\-websocket@.*$</packageUrl>
	   <cve>CVE-2019-17569</cve>
	</suppress>
	
	<suppress>
	   <notes><![CDATA[
	   file name: tomcat-embed-websocket-9.0.30.jar
	   ]]></notes>
	   <packageUrl regex="true">^pkg:maven/org\.apache\.tomcat\.embed/tomcat\-embed\-websocket@.*$</packageUrl>
	   <cve>CVE-2020-1935</cve>
	</suppress>
	
	<suppress>
	   <notes><![CDATA[
	   file name: tomcat-embed-websocket-9.0.30.jar
	   ]]></notes>
	   <packageUrl regex="true">^pkg:maven/org\.apache\.tomcat\.embed/tomcat\-embed\-websocket@.*$</packageUrl>
	   <cve>CVE-2020-13943</cve>
	</suppress>
	
	<suppress>
	   <notes><![CDATA[
	   file name: tomcat-embed-websocket-9.0.30.jar
	   ]]></notes>
	   <packageUrl regex="true">^pkg:maven/org\.apache\.tomcat\.embed/tomcat\-embed\-websocket@.*$</packageUrl>
	   <cve>CVE-2023-28708</cve>
	</suppress>
	
	<suppress>
	   <notes><![CDATA[
	   file name: tomcat-embed-websocket-9.0.30.jar
	   ]]></notes>
	   <packageUrl regex="true">^pkg:maven/org\.apache\.tomcat\.embed/tomcat\-embed\-websocket@.*$</packageUrl>
	   <cve>CVE-2021-43980</cve>
	</suppress>
	
	<suppress>
   <notes><![CDATA[
   file name: bcprov-jdk15on-1.46.jar
   ]]></notes>
   <packageUrl regex="true">^pkg:maven/org\.bouncycastle/bcprov\-jdk15on@.*$</packageUrl>
   <cpe>cpe:/a:bouncycastle:legion-of-the-bouncy-castle</cpe>
	</suppress>
	
	<suppress>
	   <notes><![CDATA[
	   file name: bcprov-jdk15on-1.46.jar
	   ]]></notes>
	   <packageUrl regex="true">^pkg:maven/org\.bouncycastle/bcprov\-jdk15on@.*$</packageUrl>
	   <vulnerabilityName>CVE-2016-1000343</vulnerabilityName>
	</suppress>
	
	<suppress>
	   <notes><![CDATA[
	   file name: jackson-core-2.10.2.jar
	   ]]></notes>
	   <packageUrl regex="true">^pkg:maven/com\.fasterxml\.jackson\.core/jackson\-core@.*$</packageUrl>
	   <cpe>cpe:/a:fasterxml:jackson-modules-java8</cpe>
	</suppress>
	
	<suppress>
	   <notes><![CDATA[
	   file name: jakarta.annotation-api-1.3.5.jar
	   ]]></notes>
	   <packageUrl regex="true">^pkg:maven/jakarta\.annotation/jakarta\.annotation\-api@.*$</packageUrl>
	   <cpe>cpe:/a:oracle:projects</cpe>
	</suppress>
	
	<suppress>
	   <notes><![CDATA[
	   file name: logback-classic-1.2.3.jar
	   ]]></notes>
	   <packageUrl regex="true">^pkg:maven/ch\.qos\.logback/logback\-classic@.*$</packageUrl>
	   <cpe>cpe:/a:qos:logback</cpe>
	</suppress>
	
	<suppress>
	   <notes><![CDATA[
	   file name: logback-classic-1.2.3.jar
	   ]]></notes>
	   <packageUrl regex="true">^pkg:maven/ch\.qos\.logback/logback\-classic@.*$</packageUrl>
	   <cve>CVE-2021-42550</cve>
	</suppress>
	
	<suppress>
	   <notes><![CDATA[
	   file name: spring-aop-5.2.3.RELEASE.jar
	   ]]></notes>
	   <packageUrl regex="true">^pkg:maven/org\.springframework/spring\-aop@.*$</packageUrl>
	   <cpe>cpe:/a:pivotal_software:spring_framework</cpe>
	</suppress>
	
	<suppress>
	   <notes><![CDATA[
	   file name: spring-aop-5.2.3.RELEASE.jar
	   ]]></notes>
	   <packageUrl regex="true">^pkg:maven/org\.springframework/spring\-aop@.*$</packageUrl>
	   <cpe>cpe:/a:springsource:spring_framework</cpe>
	</suppress>
	
	<suppress>
	   <notes><![CDATA[
	   file name: spring-aop-5.2.3.RELEASE.jar
	   ]]></notes>
	   <packageUrl regex="true">^pkg:maven/org\.springframework/spring\-aop@.*$</packageUrl>
	   <cpe>cpe:/a:vmware:spring_framework</cpe>
	</suppress>
	
	<suppress>
	   <notes><![CDATA[
	   file name: spring-aop-5.2.3.RELEASE.jar
	   ]]></notes>
	   <packageUrl regex="true">^pkg:maven/org\.springframework/spring\-aop@.*$</packageUrl>
	   <cve>CVE-2022-22965</cve>
	</suppress>
	
	<suppress>
	   <notes><![CDATA[
	   file name: spring-aop-5.2.3.RELEASE.jar
	   ]]></notes>
	   <packageUrl regex="true">^pkg:maven/org\.springframework/spring\-aop@.*$</packageUrl>
	   <cve>CVE-2021-22118</cve>
	</suppress>
	
	<suppress>
	   <notes><![CDATA[
	   file name: spring-aop-5.2.3.RELEASE.jar
	   ]]></notes>
	   <packageUrl regex="true">^pkg:maven/org\.springframework/spring\-aop@.*$</packageUrl>
	   <cve>CVE-2020-5421</cve>
	</suppress>
	
	<suppress>
	   <notes><![CDATA[
	   file name: spring-aop-5.2.3.RELEASE.jar
	   ]]></notes>
	   <packageUrl regex="true">^pkg:maven/org\.springframework/spring\-aop@.*$</packageUrl>
	   <cve>CVE-2022-22950</cve>
	</suppress>
	
	<suppress>
	   <notes><![CDATA[
	   file name: spring-aop-5.2.3.RELEASE.jar
	   ]]></notes>
	   <packageUrl regex="true">^pkg:maven/org\.springframework/spring\-aop@.*$</packageUrl>
	   <cve>CVE-2022-22971</cve>
	</suppress>
	
	<suppress>
	   <notes><![CDATA[
	   file name: spring-aop-5.2.3.RELEASE.jar
	   ]]></notes>
	   <packageUrl regex="true">^pkg:maven/org\.springframework/spring\-aop@.*$</packageUrl>
	   <cve>CVE-2023-20861</cve>
	</suppress>
	
	<suppress>
	   <notes><![CDATA[
	   file name: spring-aop-5.2.3.RELEASE.jar
	   ]]></notes>
	   <packageUrl regex="true">^pkg:maven/org\.springframework/spring\-aop@.*$</packageUrl>
	   <cve>CVE-2023-20863</cve>
	</suppress>
	
	<suppress>
	   <notes><![CDATA[
	   file name: spring-aop-5.2.3.RELEASE.jar
	   ]]></notes>
	   <packageUrl regex="true">^pkg:maven/org\.springframework/spring\-aop@.*$</packageUrl>
	   <cve>CVE-2022-22968</cve>
	</suppress>
	
	<suppress>
	   <notes><![CDATA[
	   file name: spring-aop-5.2.3.RELEASE.jar
	   ]]></notes>
	   <packageUrl regex="true">^pkg:maven/org\.springframework/spring\-aop@.*$</packageUrl>
	   <cve>CVE-2022-22970</cve>
	</suppress>
	
	<suppress>
	   <notes><![CDATA[
	   file name: spring-aop-5.2.3.RELEASE.jar
	   ]]></notes>
	   <packageUrl regex="true">^pkg:maven/org\.springframework/spring\-aop@.*$</packageUrl>
	   <cve>CVE-2021-22060</cve>
	</suppress>
	
	<suppress>
	   <notes><![CDATA[
	   file name: spring-aop-5.2.3.RELEASE.jar
	   ]]></notes>
	   <packageUrl regex="true">^pkg:maven/org\.springframework/spring\-aop@.*$</packageUrl>
	   <cve>CVE-2021-22096</cve>
	</suppress>
	
	<suppress>
	   <notes><![CDATA[
	   file name: spring-boot-starter-2.2.4.RELEASE.jar
	   ]]></notes>
	   <packageUrl regex="true">^pkg:maven/org\.springframework\.boot/spring\-boot\-starter@.*$</packageUrl>
	   <cpe>cpe:/a:vmware:spring_boot</cpe>
	</suppress>
	
	<suppress>
	   <notes><![CDATA[
	   file name: spring-boot-starter-2.2.4.RELEASE.jar
	   ]]></notes>
	   <packageUrl regex="true">^pkg:maven/org\.springframework\.boot/spring\-boot\-starter@.*$</packageUrl>
	   <cve>CVE-2022-27772</cve>
	</suppress>
	
	<suppress>
	   <notes><![CDATA[
	   file name: spring-boot-starter-2.2.4.RELEASE.jar
	   ]]></notes>
	   <packageUrl regex="true">^pkg:maven/org\.springframework\.boot/spring\-boot\-starter@.*$</packageUrl>
	   <cve>CVE-2023-20883</cve>
	</suppress>
	
	<suppress>
   <notes><![CDATA[
   file name: spring-boot-starter-json-2.2.4.RELEASE.jar
   ]]></notes>
   <packageUrl regex="true">^pkg:maven/org\.springframework\.boot/spring\-boot\-starter\-json@.*$</packageUrl>
   <cpe>cpe:/a:vmware:spring_boot</cpe>
	</suppress>
	
	<suppress>
	   <notes><![CDATA[
	   file name: spring-boot-starter-json-2.2.4.RELEASE.jar
	   ]]></notes>
	   <packageUrl regex="true">^pkg:maven/org\.springframework\.boot/spring\-boot\-starter\-json@.*$</packageUrl>
	   <cve>CVE-2022-27772</cve>
	</suppress>
	
	<suppress>
	   <notes><![CDATA[
	   file name: spring-boot-starter-json-2.2.4.RELEASE.jar
	   ]]></notes>
	   <packageUrl regex="true">^pkg:maven/org\.springframework\.boot/spring\-boot\-starter\-json@.*$</packageUrl>
	   <cve>CVE-2023-20883</cve>
	</suppress>
	
	<suppress>
	   <notes><![CDATA[
	   file name: spring-jcl-5.2.3.RELEASE.jar
	   ]]></notes>
	   <packageUrl regex="true">^pkg:maven/org\.springframework/spring\-jcl@.*$</packageUrl>
	   <cpe>cpe:/a:pivotal_software:spring_framework</cpe>
	</suppress>
	
	<suppress>
	   <notes><![CDATA[
	   file name: spring-jcl-5.2.3.RELEASE.jar
	   ]]></notes>
	   <packageUrl regex="true">^pkg:maven/org\.springframework/spring\-jcl@.*$</packageUrl>
	   <cpe>cpe:/a:springsource:spring_framework</cpe>
	</suppress>
	
	<suppress>
	   <notes><![CDATA[
	   file name: spring-jcl-5.2.3.RELEASE.jar
	   ]]></notes>
	   <packageUrl regex="true">^pkg:maven/org\.springframework/spring\-jcl@.*$</packageUrl>
	   <cpe>cpe:/a:vmware:spring_framework</cpe>
	</suppress>
	
	<suppress>
	   <notes><![CDATA[
	   file name: spring-jcl-5.2.3.RELEASE.jar
	   ]]></notes>
	   <packageUrl regex="true">^pkg:maven/org\.springframework/spring\-jcl@.*$</packageUrl>
	   <cve>CVE-2022-22965</cve>
	</suppress>
	
	<suppress>
	   <notes><![CDATA[
	   file name: spring-jcl-5.2.3.RELEASE.jar
	   ]]></notes>
	   <packageUrl regex="true">^pkg:maven/org\.springframework/spring\-jcl@.*$</packageUrl>
	   <cve>CVE-2021-22118</cve>
	</suppress>
	
	<suppress>
	   <notes><![CDATA[
	   file name: spring-jcl-5.2.3.RELEASE.jar
	   ]]></notes>
	   <packageUrl regex="true">^pkg:maven/org\.springframework/spring\-jcl@.*$</packageUrl>
	   <cve>CVE-2020-5421</cve>
	</suppress>
	
	<suppress>
	   <notes><![CDATA[
	   file name: spring-jcl-5.2.3.RELEASE.jar
	   ]]></notes>
	   <packageUrl regex="true">^pkg:maven/org\.springframework/spring\-jcl@.*$</packageUrl>
	   <cve>CVE-2022-22950</cve>
	</suppress>
	
	<suppress>
	   <notes><![CDATA[
	   file name: spring-jcl-5.2.3.RELEASE.jar
	   ]]></notes>
	   <packageUrl regex="true">^pkg:maven/org\.springframework/spring\-jcl@.*$</packageUrl>
	   <cve>CVE-2022-22971</cve>
	</suppress>
	
	<suppress>
	   <notes><![CDATA[
	   file name: spring-jcl-5.2.3.RELEASE.jar
	   ]]></notes>
	   <packageUrl regex="true">^pkg:maven/org\.springframework/spring\-jcl@.*$</packageUrl>
	   <cve>CVE-2023-20861</cve>
	</suppress>
	
	<suppress>
	   <notes><![CDATA[
	   file name: spring-jcl-5.2.3.RELEASE.jar
	   ]]></notes>
	   <packageUrl regex="true">^pkg:maven/org\.springframework/spring\-jcl@.*$</packageUrl>
	   <cve>CVE-2023-20863</cve>
	</suppress>
	
	<suppress>
	   <notes><![CDATA[
	   file name: spring-jcl-5.2.3.RELEASE.jar
	   ]]></notes>
	   <packageUrl regex="true">^pkg:maven/org\.springframework/spring\-jcl@.*$</packageUrl>
	   <cve>CVE-2022-22968</cve>
	</suppress>
	
	<suppress>
	   <notes><![CDATA[
	   file name: spring-jcl-5.2.3.RELEASE.jar
	   ]]></notes>
	   <packageUrl regex="true">^pkg:maven/org\.springframework/spring\-jcl@.*$</packageUrl>
	   <cve>CVE-2022-22970</cve>
	</suppress>
	
	<suppress>
	   <notes><![CDATA[
	   file name: spring-jcl-5.2.3.RELEASE.jar
	   ]]></notes>
	   <packageUrl regex="true">^pkg:maven/org\.springframework/spring\-jcl@.*$</packageUrl>
	   <cve>CVE-2021-22060</cve>
	</suppress>
	
	<suppress>
	   <notes><![CDATA[
	   file name: spring-jcl-5.2.3.RELEASE.jar
	   ]]></notes>
	   <packageUrl regex="true">^pkg:maven/org\.springframework/spring\-jcl@.*$</packageUrl>
	   <cve>CVE-2021-22096</cve>
	</suppress>

</suppressions>